<?xml version="1.0" encoding="UTF-8"?>
<project-private xmlns="http://www.netbeans.org/ns/project-private/1">
    <editor-bookmarks xmlns="http://www.netbeans.org/ns/editor-bookmarks/2" lastBookmarkId="1">
        <file>
            <url>src/Ticket.java</url>
            <bookmark id="1">
                <name/>
                <line>583</line>
                <key/>
            </bookmark>
        </file>
    </editor-bookmarks>
    <open-files xmlns="http://www.netbeans.org/ns/projectui-open-files/2">
        <group>
            <file>file:/C:/Users/Administrator/Documents/NetBeansProjects/Ethioairline/src/Ticket.java</file>
            <file>file:/C:/Users/Administrator/Documents/NetBeansProjects/Ethioairline/src/main.java</file>
            <file>file:/C:/Users/Administrator/Documents/NetBeansProjects/Ethioairline/src/Ticketreport.java</file>
            <file>file:/C:/Users/Administrator/Documents/NetBeansProjects/Ethioairline/src/UserCreation.java</file>
            <file>file:/C:/Users/Administrator/Documents/NetBeansProjects/Ethioairline/src/AddFlight.java</file>
            <file>file:/C:/Users/Administrator/Documents/NetBeansProjects/Ethioairline/src/Login.java</file>
            <file>file:/C:/Users/Administrator/Documents/NetBeansProjects/Ethioairline/src/SearchCustomer.java</file>
            <file>file:/C:/Users/Administrator/Documents/NetBeansProjects/Ethioairline/src/Addcustomer.java</file>
        </group>
    </open-files>
</project-private>
